Region,year,variable,value,varLabel
Rest of South Asia (excl. high income),1990,AG.YLD.CREL.KG,2141.57971448801,Cereal Yield (kg/ha)
Rest of South Asia (excl. high income),1991,AG.YLD.CREL.KG,2190.79495360624,Cereal Yield (kg/ha)
Rest of South Asia (excl. high income),1992,AG.YLD.CREL.KG,2228.43198223209,Cereal Yield (kg/ha)
Rest of South Asia (excl. high income),1993,AG.YLD.CREL.KG,2258.37930908502,Cereal Yield (kg/ha)
Rest of South Asia (excl. high income),1994,AG.YLD.CREL.KG,2122.84013051428,Cereal Yield (kg/ha)
Rest of South Asia (excl. high income),1995,AG.YLD.CREL.KG,2264.1520570702,Cereal Yield (kg/ha)
Rest of South Asia (excl. high income),1996,AG.YLD.CREL.KG,2313.37410834865,Cereal Yield (kg/ha)
Rest of South Asia (excl. high income),1997,AG.YLD.CREL.KG,2313.37813849908,Cereal Yield (kg/ha)
Rest of South Asia (excl. high income),1998,AG.YLD.CREL.KG,2466.25919780705,Cereal Yield (kg/ha)
Rest of South Asia (excl. high income),1999,AG.YLD.CREL.KG,2619.82234418931,Cereal Yield (kg/ha)
Rest of South Asia (excl. high income),2000,AG.YLD.CREL.KG,2848.33781017594,Cereal Yield (kg/ha)
Rest of South Asia (excl. high income),2001,AG.YLD.CREL.KG,2765.95347206086,Cereal Yield (kg/ha)
Rest of South Asia (excl. high income),2002,AG.YLD.CREL.KG,2819.92183523398,Cereal Yield (kg/ha)
Rest of South Asia (excl. high income),2003,AG.YLD.CREL.KG,2852.3713039043,Cereal Yield (kg/ha)
Rest of South Asia (excl. high income),2004,AG.YLD.CREL.KG,2873.11511314552,Cereal Yield (kg/ha)
Rest of South Asia (excl. high income),2005,AG.YLD.CREL.KG,3051.11329906746,Cereal Yield (kg/ha)
Rest of South Asia (excl. high income),2006,AG.YLD.CREL.KG,3074.96607203658,Cereal Yield (kg/ha)
Rest of South Asia (excl. high income),2007,AG.YLD.CREL.KG,3274.75605605438,Cereal Yield (kg/ha)
Rest of South Asia (excl. high income),2008,AG.YLD.CREL.KG,3325.70761410174,Cereal Yield (kg/ha)
Rest of South Asia (excl. high income),2009,AG.YLD.CREL.KG,3394.43814656323,Cereal Yield (kg/ha)
Rest of South Asia (excl. high income),2010,AG.YLD.CREL.KG,3439.37848214339,Cereal Yield (kg/ha)
Rest of South Asia (excl. high income),2011,AG.YLD.CREL.KG,3491.94503405843,Cereal Yield (kg/ha)
Rest of South Asia (excl. high income),2012,AG.YLD.CREL.KG,3520.2880440241,Cereal Yield (kg/ha)
Rest of South Asia (excl. high income),2013,AG.YLD.CREL.KG,3598.82072047329,Cereal Yield (kg/ha)
Rest of South Asia (excl. high income),2014,AG.YLD.CREL.KG,3652.40354351977,Cereal Yield (kg/ha)
Rest of South Asia (excl. high income),2015,AG.YLD.CREL.KG,,Cereal Yield (kg/ha)
Rest of sub-Saharan Africa (excl. high income),1990,AG.YLD.CREL.KG,1149.71157754134,Cereal Yield (kg/ha)
Rest of sub-Saharan Africa (excl. high income),1991,AG.YLD.CREL.KG,1120.45810574261,Cereal Yield (kg/ha)
Rest of sub-Saharan Africa (excl. high income),1992,AG.YLD.CREL.KG,1067.16219945048,Cereal Yield (kg/ha)
Rest of sub-Saharan Africa (excl. high income),1993,AG.YLD.CREL.KG,1170.00009107404,Cereal Yield (kg/ha)
Rest of sub-Saharan Africa (excl. high income),1994,AG.YLD.CREL.KG,1082.68779893786,Cereal Yield (kg/ha)
Rest of sub-Saharan Africa (excl. high income),1995,AG.YLD.CREL.KG,1156.8605772015,Cereal Yield (kg/ha)
Rest of sub-Saharan Africa (excl. high income),1996,AG.YLD.CREL.KG,1195.02653632449,Cereal Yield (kg/ha)
Rest of sub-Saharan Africa (excl. high income),1997,AG.YLD.CREL.KG,1124.12105727498,Cereal Yield (kg/ha)
Rest of sub-Saharan Africa (excl. high income),1998,AG.YLD.CREL.KG,1129.51671929762,Cereal Yield (kg/ha)
Rest of sub-Saharan Africa (excl. high income),1999,AG.YLD.CREL.KG,1210.34222840896,Cereal Yield (kg/ha)
Rest of sub-Saharan Africa (excl. high income),2000,AG.YLD.CREL.KG,1176.59558249489,Cereal Yield (kg/ha)
Rest of sub-Saharan Africa (excl. high income),2001,AG.YLD.CREL.KG,1212.32591050617,Cereal Yield (kg/ha)
Rest of sub-Saharan Africa (excl. high income),2002,AG.YLD.CREL.KG,1223.71096028115,Cereal Yield (kg/ha)
Rest of sub-Saharan Africa (excl. high income),2003,AG.YLD.CREL.KG,1171.82191996788,Cereal Yield (kg/ha)
Rest of sub-Saharan Africa (excl. high income),2004,AG.YLD.CREL.KG,1254.48070405891,Cereal Yield (kg/ha)
Rest of sub-Saharan Africa (excl. high income),2005,AG.YLD.CREL.KG,1262.09033154899,Cereal Yield (kg/ha)
Rest of sub-Saharan Africa (excl. high income),2006,AG.YLD.CREL.KG,1355.83248272499,Cereal Yield (kg/ha)
Rest of sub-Saharan Africa (excl. high income),2007,AG.YLD.CREL.KG,1352.57736295976,Cereal Yield (kg/ha)
Rest of sub-Saharan Africa (excl. high income),2008,AG.YLD.CREL.KG,1407.00957566714,Cereal Yield (kg/ha)
Rest of sub-Saharan Africa (excl. high income),2009,AG.YLD.CREL.KG,1478.47382910279,Cereal Yield (kg/ha)
Rest of sub-Saharan Africa (excl. high income),2010,AG.YLD.CREL.KG,1563.16023976117,Cereal Yield (kg/ha)
Rest of sub-Saharan Africa (excl. high income),2011,AG.YLD.CREL.KG,1508.22942549662,Cereal Yield (kg/ha)
Rest of sub-Saharan Africa (excl. high income),2012,AG.YLD.CREL.KG,1582.45337186992,Cereal Yield (kg/ha)
Rest of sub-Saharan Africa (excl. high income),2013,AG.YLD.CREL.KG,1558.27083401327,Cereal Yield (kg/ha)
Rest of sub-Saharan Africa (excl. high income),2014,AG.YLD.CREL.KG,1658.53747873777,Cereal Yield (kg/ha)
Rest of sub-Saharan Africa (excl. high income),2015,AG.YLD.CREL.KG,,Cereal Yield (kg/ha)
Rest of East Asia (excl. high income),1990,AG.YLD.CREL.KG,3025.35559515223,Cereal Yield (kg/ha)
Rest of East Asia (excl. high income),1991,AG.YLD.CREL.KG,3182.21308258664,Cereal Yield (kg/ha)
Rest of East Asia (excl. high income),1992,AG.YLD.CREL.KG,3225.741951289,Cereal Yield (kg/ha)
Rest of East Asia (excl. high income),1993,AG.YLD.CREL.KG,3340.30343979622,Cereal Yield (kg/ha)
Rest of East Asia (excl. high income),1994,AG.YLD.CREL.KG,3257.46259588424,Cereal Yield (kg/ha)
Rest of East Asia (excl. high income),1995,AG.YLD.CREL.KG,3189.2979140634,Cereal Yield (kg/ha)
Rest of East Asia (excl. high income),1996,AG.YLD.CREL.KG,3264.82490051525,Cereal Yield (kg/ha)
Rest of East Asia (excl. high income),1997,AG.YLD.CREL.KG,3280.61862468544,Cereal Yield (kg/ha)
Rest of East Asia (excl. high income),1998,AG.YLD.CREL.KG,3277.44065706068,Cereal Yield (kg/ha)
Rest of East Asia (excl. high income),1999,AG.YLD.CREL.KG,3333.55134511862,Cereal Yield (kg/ha)
Rest of East Asia (excl. high income),2000,AG.YLD.CREL.KG,3463.90274568304,Cereal Yield (kg/ha)
Rest of East Asia (excl. high income),2001,AG.YLD.CREL.KG,3509.33852287904,Cereal Yield (kg/ha)
Rest of East Asia (excl. high income),2002,AG.YLD.CREL.KG,3649.83721691371,Cereal Yield (kg/ha)
Rest of East Asia (excl. high income),2003,AG.YLD.CREL.KG,3707.34008870878,Cereal Yield (kg/ha)
Rest of East Asia (excl. high income),2004,AG.YLD.CREL.KG,3809.09283846833,Cereal Yield (kg/ha)
Rest of East Asia (excl. high income),2005,AG.YLD.CREL.KG,3836.44515298366,Cereal Yield (kg/ha)
Rest of East Asia (excl. high income),2006,AG.YLD.CREL.KG,3876.33495720397,Cereal Yield (kg/ha)
Rest of East Asia (excl. high income),2007,AG.YLD.CREL.KG,3962.21561808836,Cereal Yield (kg/ha)
Rest of East Asia (excl. high income),2008,AG.YLD.CREL.KG,4094.26153394417,Cereal Yield (kg/ha)
Rest of East Asia (excl. high income),2009,AG.YLD.CREL.KG,4162.18052866444,Cereal Yield (kg/ha)
Rest of East Asia (excl. high income),2010,AG.YLD.CREL.KG,4203.26013492617,Cereal Yield (kg/ha)
Rest of East Asia (excl. high income),2011,AG.YLD.CREL.KG,4264.91491905964,Cereal Yield (kg/ha)
Rest of East Asia (excl. high income),2012,AG.YLD.CREL.KG,4387.84945394473,Cereal Yield (kg/ha)
Rest of East Asia (excl. high income),2013,AG.YLD.CREL.KG,4401.27198747032,Cereal Yield (kg/ha)
Rest of East Asia (excl. high income),2014,AG.YLD.CREL.KG,4475.46981028636,Cereal Yield (kg/ha)
Rest of East Asia (excl. high income),2015,AG.YLD.CREL.KG,,Cereal Yield (kg/ha)
China,1990,AG.YLD.CREL.KG,4320.9,Cereal Yield (kg/ha)
China,1991,AG.YLD.CREL.KG,4226.8,Cereal Yield (kg/ha)
China,1992,AG.YLD.CREL.KG,4361.6,Cereal Yield (kg/ha)
China,1993,AG.YLD.CREL.KG,4562.1,Cereal Yield (kg/ha)
China,1994,AG.YLD.CREL.KG,4504.9,Cereal Yield (kg/ha)
China,1995,AG.YLD.CREL.KG,4659.3,Cereal Yield (kg/ha)
China,1996,AG.YLD.CREL.KG,4891.5,Cereal Yield (kg/ha)
China,1997,AG.YLD.CREL.KG,4814.1,Cereal Yield (kg/ha)
China,1998,AG.YLD.CREL.KG,4952.8,Cereal Yield (kg/ha)
China,1999,AG.YLD.CREL.KG,4944.9,Cereal Yield (kg/ha)
China,2000,AG.YLD.CREL.KG,4752.6,Cereal Yield (kg/ha)
China,2001,AG.YLD.CREL.KG,4800.3,Cereal Yield (kg/ha)
China,2002,AG.YLD.CREL.KG,4869.1,Cereal Yield (kg/ha)
China,2003,AG.YLD.CREL.KG,4872.9,Cereal Yield (kg/ha)
China,2004,AG.YLD.CREL.KG,5186.8,Cereal Yield (kg/ha)
China,2005,AG.YLD.CREL.KG,5224.6,Cereal Yield (kg/ha)
China,2006,AG.YLD.CREL.KG,5424.3,Cereal Yield (kg/ha)
China,2007,AG.YLD.CREL.KG,5319.9,Cereal Yield (kg/ha)
China,2008,AG.YLD.CREL.KG,5547.6,Cereal Yield (kg/ha)
China,2009,AG.YLD.CREL.KG,5447.5,Cereal Yield (kg/ha)
China,2010,AG.YLD.CREL.KG,5526.7,Cereal Yield (kg/ha)
China,2011,AG.YLD.CREL.KG,5707,Cereal Yield (kg/ha)
China,2012,AG.YLD.CREL.KG,5828.4,Cereal Yield (kg/ha)
China,2013,AG.YLD.CREL.KG,5889.4,Cereal Yield (kg/ha)
China,2014,AG.YLD.CREL.KG,5886.4,Cereal Yield (kg/ha)
China,2015,AG.YLD.CREL.KG,,Cereal Yield (kg/ha)
India,1990,AG.YLD.CREL.KG,1891.2,Cereal Yield (kg/ha)
India,1991,AG.YLD.CREL.KG,1926.3,Cereal Yield (kg/ha)
India,1992,AG.YLD.CREL.KG,2024.8,Cereal Yield (kg/ha)
India,1993,AG.YLD.CREL.KG,2084.9,Cereal Yield (kg/ha)
India,1994,AG.YLD.CREL.KG,2115.5,Cereal Yield (kg/ha)
India,1995,AG.YLD.CREL.KG,2111.7,Cereal Yield (kg/ha)
India,1996,AG.YLD.CREL.KG,2181,Cereal Yield (kg/ha)
India,1997,AG.YLD.CREL.KG,2228.6,Cereal Yield (kg/ha)
India,1998,AG.YLD.CREL.KG,2248.4,Cereal Yield (kg/ha)
India,1999,AG.YLD.CREL.KG,2313.7,Cereal Yield (kg/ha)
India,2000,AG.YLD.CREL.KG,2294.2,Cereal Yield (kg/ha)
India,2001,AG.YLD.CREL.KG,2423.1,Cereal Yield (kg/ha)
India,2002,AG.YLD.CREL.KG,2187.3,Cereal Yield (kg/ha)
India,2003,AG.YLD.CREL.KG,2399.4,Cereal Yield (kg/ha)
India,2004,AG.YLD.CREL.KG,2350,Cereal Yield (kg/ha)
India,2005,AG.YLD.CREL.KG,2411.6,Cereal Yield (kg/ha)
India,2006,AG.YLD.CREL.KG,2446.5,Cereal Yield (kg/ha)
India,2007,AG.YLD.CREL.KG,2583.3,Cereal Yield (kg/ha)
India,2008,AG.YLD.CREL.KG,2637.9,Cereal Yield (kg/ha)
India,2009,AG.YLD.CREL.KG,2580.8,Cereal Yield (kg/ha)
India,2010,AG.YLD.CREL.KG,2676.4,Cereal Yield (kg/ha)
India,2011,AG.YLD.CREL.KG,2860.7,Cereal Yield (kg/ha)
India,2012,AG.YLD.CREL.KG,2963.5,Cereal Yield (kg/ha)
India,2013,AG.YLD.CREL.KG,2961,Cereal Yield (kg/ha)
India,2014,AG.YLD.CREL.KG,2984.1,Cereal Yield (kg/ha)
India,2015,AG.YLD.CREL.KG,,Cereal Yield (kg/ha)
South Africa,1990,AG.YLD.CREL.KG,1877.3,Cereal Yield (kg/ha)
South Africa,1991,AG.YLD.CREL.KG,1986.4,Cereal Yield (kg/ha)
South Africa,1992,AG.YLD.CREL.KG,944,Cereal Yield (kg/ha)
South Africa,1993,AG.YLD.CREL.KG,2159.8,Cereal Yield (kg/ha)
South Africa,1994,AG.YLD.CREL.KG,2585,Cereal Yield (kg/ha)
South Africa,1995,AG.YLD.CREL.KG,1419.2,Cereal Yield (kg/ha)
South Africa,1996,AG.YLD.CREL.KG,2489.9,Cereal Yield (kg/ha)
South Africa,1997,AG.YLD.CREL.KG,2271.2,Cereal Yield (kg/ha)
South Africa,1998,AG.YLD.CREL.KG,2179.3,Cereal Yield (kg/ha)
South Africa,1999,AG.YLD.CREL.KG,2197.7,Cereal Yield (kg/ha)
South Africa,2000,AG.YLD.CREL.KG,2762.2,Cereal Yield (kg/ha)
South Africa,2001,AG.YLD.CREL.KG,2423,Cereal Yield (kg/ha)
South Africa,2002,AG.YLD.CREL.KG,2771.8,Cereal Yield (kg/ha)
South Africa,2003,AG.YLD.CREL.KG,2536.8,Cereal Yield (kg/ha)
South Africa,2004,AG.YLD.CREL.KG,2777.6,Cereal Yield (kg/ha)
South Africa,2005,AG.YLD.CREL.KG,3309.2,Cereal Yield (kg/ha)
South Africa,2006,AG.YLD.CREL.KG,3140.8,Cereal Yield (kg/ha)
South Africa,2007,AG.YLD.CREL.KG,2790.3,Cereal Yield (kg/ha)
South Africa,2008,AG.YLD.CREL.KG,4063,Cereal Yield (kg/ha)
South Africa,2009,AG.YLD.CREL.KG,4405.3,Cereal Yield (kg/ha)
South Africa,2010,AG.YLD.CREL.KG,4149.1,Cereal Yield (kg/ha)
South Africa,2011,AG.YLD.CREL.KG,4013.6,Cereal Yield (kg/ha)
South Africa,2012,AG.YLD.CREL.KG,4239.3,Cereal Yield (kg/ha)
South Africa,2013,AG.YLD.CREL.KG,4040.7,Cereal Yield (kg/ha)
South Africa,2014,AG.YLD.CREL.KG,4893.5,Cereal Yield (kg/ha)
South Africa,2015,AG.YLD.CREL.KG,,Cereal Yield (kg/ha)
Rest of South Asia (excl. high income),1990,NY.GDP.PCAP.PP.CD,1427.48417901207,"GDP per Capita (PPP, current int. $)"
Rest of South Asia (excl. high income),1991,NY.GDP.PCAP.PP.CD,1505.91205907928,"GDP per Capita (PPP, current int. $)"
Rest of South Asia (excl. high income),1992,NY.GDP.PCAP.PP.CD,1603.42910772835,"GDP per Capita (PPP, current int. $)"
Rest of South Asia (excl. high income),1993,NY.GDP.PCAP.PP.CD,1654.1138358558,"GDP per Capita (PPP, current int. $)"
Rest of South Asia (excl. high income),1994,NY.GDP.PCAP.PP.CD,1720.2432074095,"GDP per Capita (PPP, current int. $)"
Rest of South Asia (excl. high income),1995,NY.GDP.PCAP.PP.CD,1803.07714871151,"GDP per Capita (PPP, current int. $)"
Rest of South Asia (excl. high income),1996,NY.GDP.PCAP.PP.CD,1879.46865946402,"GDP per Capita (PPP, current int. $)"
Rest of South Asia (excl. high income),1997,NY.GDP.PCAP.PP.CD,1920.26914516913,"GDP per Capita (PPP, current int. $)"
Rest of South Asia (excl. high income),1998,NY.GDP.PCAP.PP.CD,1966.37615912154,"GDP per Capita (PPP, current int. $)"
Rest of South Asia (excl. high income),1999,NY.GDP.PCAP.PP.CD,2034.38692671445,"GDP per Capita (PPP, current int. $)"
Rest of South Asia (excl. high income),2000,NY.GDP.PCAP.PP.CD,2137.87598373295,"GDP per Capita (PPP, current int. $)"
Rest of South Asia (excl. high income),2001,NY.GDP.PCAP.PP.CD,2201.11863003228,"GDP per Capita (PPP, current int. $)"
Rest of South Asia (excl. high income),2002,NY.GDP.PCAP.PP.CD,2182.31643868947,"GDP per Capita (PPP, current int. $)"
Rest of South Asia (excl. high income),2003,NY.GDP.PCAP.PP.CD,2292.17171338397,"GDP per Capita (PPP, current int. $)"
Rest of South Asia (excl. high income),2004,NY.GDP.PCAP.PP.CD,2457.35923123305,"GDP per Capita (PPP, current int. $)"
Rest of South Asia (excl. high income),2005,NY.GDP.PCAP.PP.CD,2667.64170259781,"GDP per Capita (PPP, current int. $)"
Rest of South Asia (excl. high income),2006,NY.GDP.PCAP.PP.CD,2875.44024805572,"GDP per Capita (PPP, current int. $)"
Rest of South Asia (excl. high income),2007,NY.GDP.PCAP.PP.CD,3074.00989859004,"GDP per Capita (PPP, current int. $)"
Rest of South Asia (excl. high income),2008,NY.GDP.PCAP.PP.CD,3194.65950791301,"GDP per Capita (PPP, current int. $)"
Rest of South Asia (excl. high income),2009,NY.GDP.PCAP.PP.CD,3296.39873836345,"GDP per Capita (PPP, current int. $)"
Rest of South Asia (excl. high income),2010,NY.GDP.PCAP.PP.CD,3407.71875305593,"GDP per Capita (PPP, current int. $)"
Rest of South Asia (excl. high income),2011,NY.GDP.PCAP.PP.CD,3578.28971839765,"GDP per Capita (PPP, current int. $)"
Rest of South Asia (excl. high income),2012,NY.GDP.PCAP.PP.CD,3778.72552345684,"GDP per Capita (PPP, current int. $)"
Rest of South Asia (excl. high income),2013,NY.GDP.PCAP.PP.CD,3947.66731652592,"GDP per Capita (PPP, current int. $)"
Rest of South Asia (excl. high income),2014,NY.GDP.PCAP.PP.CD,4148.33339762545,"GDP per Capita (PPP, current int. $)"
Rest of South Asia (excl. high income),2015,NY.GDP.PCAP.PP.CD,4330.24856618265,"GDP per Capita (PPP, current int. $)"
Rest of sub-Saharan Africa (excl. high income),1990,NY.GDP.PCAP.PP.CD,1288.65444584513,"GDP per Capita (PPP, current int. $)"
Rest of sub-Saharan Africa (excl. high income),1991,NY.GDP.PCAP.PP.CD,1301.33634672431,"GDP per Capita (PPP, current int. $)"
Rest of sub-Saharan Africa (excl. high income),1992,NY.GDP.PCAP.PP.CD,1277.47522128898,"GDP per Capita (PPP, current int. $)"
Rest of sub-Saharan Africa (excl. high income),1993,NY.GDP.PCAP.PP.CD,1270.34289831148,"GDP per Capita (PPP, current int. $)"
Rest of sub-Saharan Africa (excl. high income),1994,NY.GDP.PCAP.PP.CD,1275.98867451872,"GDP per Capita (PPP, current int. $)"
Rest of sub-Saharan Africa (excl. high income),1995,NY.GDP.PCAP.PP.CD,1307.52525572294,"GDP per Capita (PPP, current int. $)"
Rest of sub-Saharan Africa (excl. high income),1996,NY.GDP.PCAP.PP.CD,1369.49085317548,"GDP per Capita (PPP, current int. $)"
Rest of sub-Saharan Africa (excl. high income),1997,NY.GDP.PCAP.PP.CD,1408.18848431529,"GDP per Capita (PPP, current int. $)"
Rest of sub-Saharan Africa (excl. high income),1998,NY.GDP.PCAP.PP.CD,1428.55980058986,"GDP per Capita (PPP, current int. $)"
Rest of sub-Saharan Africa (excl. high income),1999,NY.GDP.PCAP.PP.CD,1443.13945601094,"GDP per Capita (PPP, current int. $)"
Rest of sub-Saharan Africa (excl. high income),2000,NY.GDP.PCAP.PP.CD,1484.73389735138,"GDP per Capita (PPP, current int. $)"
Rest of sub-Saharan Africa (excl. high income),2001,NY.GDP.PCAP.PP.CD,1542.55962809176,"GDP per Capita (PPP, current int. $)"
Rest of sub-Saharan Africa (excl. high income),2002,NY.GDP.PCAP.PP.CD,1563.79653478356,"GDP per Capita (PPP, current int. $)"
Rest of sub-Saharan Africa (excl. high income),2003,NY.GDP.PCAP.PP.CD,1641.97179880533,"GDP per Capita (PPP, current int. $)"
Rest of sub-Saharan Africa (excl. high income),2004,NY.GDP.PCAP.PP.CD,1883.43674569353,"GDP per Capita (PPP, current int. $)"
Rest of sub-Saharan Africa (excl. high income),2005,NY.GDP.PCAP.PP.CD,1993.9379646431,"GDP per Capita (PPP, current int. $)"
Rest of sub-Saharan Africa (excl. high income),2006,NY.GDP.PCAP.PP.CD,2149.83417670702,"GDP per Capita (PPP, current int. $)"
Rest of sub-Saharan Africa (excl. high income),2007,NY.GDP.PCAP.PP.CD,2306.93821352368,"GDP per Capita (PPP, current int. $)"
Rest of sub-Saharan Africa (excl. high income),2008,NY.GDP.PCAP.PP.CD,2439.81781116112,"GDP per Capita (PPP, current int. $)"
Rest of sub-Saharan Africa (excl. high income),2009,NY.GDP.PCAP.PP.CD,2505.41001979098,"GDP per Capita (PPP, current int. $)"
Rest of sub-Saharan Africa (excl. high income),2010,NY.GDP.PCAP.PP.CD,2631.12653591372,"GDP per Capita (PPP, current int. $)"
Rest of sub-Saharan Africa (excl. high income),2011,NY.GDP.PCAP.PP.CD,2736.4689755591,"GDP per Capita (PPP, current int. $)"
Rest of sub-Saharan Africa (excl. high income),2012,NY.GDP.PCAP.PP.CD,2830.96766847826,"GDP per Capita (PPP, current int. $)"
Rest of sub-Saharan Africa (excl. high income),2013,NY.GDP.PCAP.PP.CD,2962.1036312801,"GDP per Capita (PPP, current int. $)"
Rest of sub-Saharan Africa (excl. high income),2014,NY.GDP.PCAP.PP.CD,3103.06300266535,"GDP per Capita (PPP, current int. $)"
Rest of sub-Saharan Africa (excl. high income),2015,NY.GDP.PCAP.PP.CD,3166.79345594838,"GDP per Capita (PPP, current int. $)"
Rest of East Asia (excl. high income),1990,NY.GDP.PCAP.PP.CD,2675.51941737683,"GDP per Capita (PPP, current int. $)"
Rest of East Asia (excl. high income),1991,NY.GDP.PCAP.PP.CD,2883.85420314928,"GDP per Capita (PPP, current int. $)"
Rest of East Asia (excl. high income),1992,NY.GDP.PCAP.PP.CD,3084.73804199802,"GDP per Capita (PPP, current int. $)"
Rest of East Asia (excl. high income),1993,NY.GDP.PCAP.PP.CD,3261.27208909362,"GDP per Capita (PPP, current int. $)"
Rest of East Asia (excl. high income),1994,NY.GDP.PCAP.PP.CD,3521.26360803975,"GDP per Capita (PPP, current int. $)"
Rest of East Asia (excl. high income),1995,NY.GDP.PCAP.PP.CD,3817.01336719852,"GDP per Capita (PPP, current int. $)"
Rest of East Asia (excl. high income),1996,NY.GDP.PCAP.PP.CD,4106.5859566411,"GDP per Capita (PPP, current int. $)"
Rest of East Asia (excl. high income),1997,NY.GDP.PCAP.PP.CD,4259.30577677126,"GDP per Capita (PPP, current int. $)"
Rest of East Asia (excl. high income),1998,NY.GDP.PCAP.PP.CD,3889.81918956585,"GDP per Capita (PPP, current int. $)"
Rest of East Asia (excl. high income),1999,NY.GDP.PCAP.PP.CD,4007.70737013346,"GDP per Capita (PPP, current int. $)"
Rest of East Asia (excl. high income),2000,NY.GDP.PCAP.PP.CD,4256.24491847311,"GDP per Capita (PPP, current int. $)"
Rest of East Asia (excl. high income),2001,NY.GDP.PCAP.PP.CD,4438.22595283512,"GDP per Capita (PPP, current int. $)"
Rest of East Asia (excl. high income),2002,NY.GDP.PCAP.PP.CD,4671.12569796541,"GDP per Capita (PPP, current int. $)"
Rest of East Asia (excl. high income),2003,NY.GDP.PCAP.PP.CD,4971.70570808966,"GDP per Capita (PPP, current int. $)"
Rest of East Asia (excl. high income),2004,NY.GDP.PCAP.PP.CD,5350.54525605668,"GDP per Capita (PPP, current int. $)"
Rest of East Asia (excl. high income),2005,NY.GDP.PCAP.PP.CD,5759.05735394256,"GDP per Capita (PPP, current int. $)"
Rest of East Asia (excl. high income),2006,NY.GDP.PCAP.PP.CD,6200.70578405052,"GDP per Capita (PPP, current int. $)"
Rest of East Asia (excl. high income),2007,NY.GDP.PCAP.PP.CD,6723.33131157112,"GDP per Capita (PPP, current int. $)"
Rest of East Asia (excl. high income),2008,NY.GDP.PCAP.PP.CD,7096.58591242116,"GDP per Capita (PPP, current int. $)"
Rest of East Asia (excl. high income),2009,NY.GDP.PCAP.PP.CD,7243.325470351,"GDP per Capita (PPP, current int. $)"
Rest of East Asia (excl. high income),2010,NY.GDP.PCAP.PP.CD,7744.61583960946,"GDP per Capita (PPP, current int. $)"
Rest of East Asia (excl. high income),2011,NY.GDP.PCAP.PP.CD,8187.56242259773,"GDP per Capita (PPP, current int. $)"
Rest of East Asia (excl. high income),2012,NY.GDP.PCAP.PP.CD,8755.8785895808,"GDP per Capita (PPP, current int. $)"
Rest of East Asia (excl. high income),2013,NY.GDP.PCAP.PP.CD,9251.31550764117,"GDP per Capita (PPP, current int. $)"
Rest of East Asia (excl. high income),2014,NY.GDP.PCAP.PP.CD,9749.49291397243,"GDP per Capita (PPP, current int. $)"
Rest of East Asia (excl. high income),2015,NY.GDP.PCAP.PP.CD,10303.1167229513,"GDP per Capita (PPP, current int. $)"
China,1990,NY.GDP.PCAP.PP.CD,986.568444389241,"GDP per Capita (PPP, current int. $)"
China,1991,NY.GDP.PCAP.PP.CD,1099.05230396832,"GDP per Capita (PPP, current int. $)"
China,1992,NY.GDP.PCAP.PP.CD,1268.27170757021,"GDP per Capita (PPP, current int. $)"
China,1993,NY.GDP.PCAP.PP.CD,1461.6104474435,"GDP per Capita (PPP, current int. $)"
China,1994,NY.GDP.PCAP.PP.CD,1668.58075717199,"GDP per Capita (PPP, current int. $)"
China,1995,NY.GDP.PCAP.PP.CD,1869.46644952724,"GDP per Capita (PPP, current int. $)"
China,1996,NY.GDP.PCAP.PP.CD,2070.77175198215,"GDP per Capita (PPP, current int. $)"
China,1997,NY.GDP.PCAP.PP.CD,2277.20700886889,"GDP per Capita (PPP, current int. $)"
China,1998,NY.GDP.PCAP.PP.CD,2458.63083103441,"GDP per Capita (PPP, current int. $)"
China,1999,NY.GDP.PCAP.PP.CD,2664.48521542596,"GDP per Capita (PPP, current int. $)"
China,2000,NY.GDP.PCAP.PP.CD,2933.31501967982,"GDP per Capita (PPP, current int. $)"
China,2001,NY.GDP.PCAP.PP.CD,3226.84867956197,"GDP per Capita (PPP, current int. $)"
China,2002,NY.GDP.PCAP.PP.CD,3551.66389746997,"GDP per Capita (PPP, current int. $)"
China,2003,NY.GDP.PCAP.PP.CD,3961.27416682211,"GDP per Capita (PPP, current int. $)"
China,2004,NY.GDP.PCAP.PP.CD,4455.20532967429,"GDP per Capita (PPP, current int. $)"
China,2005,NY.GDP.PCAP.PP.CD,5092.56018929035,"GDP per Capita (PPP, current int. $)"
China,2006,NY.GDP.PCAP.PP.CD,5883.7197840162,"GDP per Capita (PPP, current int. $)"
China,2007,NY.GDP.PCAP.PP.CD,6863.98222925066,"GDP per Capita (PPP, current int. $)"
China,2008,NY.GDP.PCAP.PP.CD,7635.07313882709,"GDP per Capita (PPP, current int. $)"
China,2009,NY.GDP.PCAP.PP.CD,8374.43285013333,"GDP per Capita (PPP, current int. $)"
China,2010,NY.GDP.PCAP.PP.CD,9333.12488219981,"GDP per Capita (PPP, current int. $)"
China,2011,NY.GDP.PCAP.PP.CD,10384.367316917,"GDP per Capita (PPP, current int. $)"
China,2012,NY.GDP.PCAP.PP.CD,11351.062842506,"GDP per Capita (PPP, current int. $)"
China,2013,NY.GDP.PCAP.PP.CD,12367.965864317,"GDP per Capita (PPP, current int. $)"
China,2014,NY.GDP.PCAP.PP.CD,13439.9076421309,"GDP per Capita (PPP, current int. $)"
China,2015,NY.GDP.PCAP.PP.CD,14450.7162233394,"GDP per Capita (PPP, current int. $)"
India,1990,NY.GDP.PCAP.PP.CD,1146.027972402,"GDP per Capita (PPP, current int. $)"
India,1991,NY.GDP.PCAP.PP.CD,1172.56361185464,"GDP per Capita (PPP, current int. $)"
India,1992,NY.GDP.PCAP.PP.CD,1239.99554820572,"GDP per Capita (PPP, current int. $)"
India,1993,NY.GDP.PCAP.PP.CD,1303.8967253784,"GDP per Capita (PPP, current int. $)"
India,1994,NY.GDP.PCAP.PP.CD,1393.00244341729,"GDP per Capita (PPP, current int. $)"
India,1995,NY.GDP.PCAP.PP.CD,1500.68134147504,"GDP per Capita (PPP, current int. $)"
India,1996,NY.GDP.PCAP.PP.CD,1612.53489757407,"GDP per Capita (PPP, current int. $)"
India,1997,NY.GDP.PCAP.PP.CD,1674.86974445626,"GDP per Capita (PPP, current int. $)"
India,1998,NY.GDP.PCAP.PP.CD,1764.87822463253,"GDP per Capita (PPP, current int. $)"
India,1999,NY.GDP.PCAP.PP.CD,1915.39064933586,"GDP per Capita (PPP, current int. $)"
India,2000,NY.GDP.PCAP.PP.CD,1998.48865825745,"GDP per Capita (PPP, current int. $)"
India,2001,NY.GDP.PCAP.PP.CD,2105.84101256593,"GDP per Capita (PPP, current int. $)"
India,2002,NY.GDP.PCAP.PP.CD,2182.24455747113,"GDP per Capita (PPP, current int. $)"
India,2003,NY.GDP.PCAP.PP.CD,2361.33484897035,"GDP per Capita (PPP, current int. $)"
India,2004,NY.GDP.PCAP.PP.CD,2576.53762050553,"GDP per Capita (PPP, current int. $)"
India,2005,NY.GDP.PCAP.PP.CD,2860.88570100622,"GDP per Capita (PPP, current int. $)"
India,2006,NY.GDP.PCAP.PP.CD,3172.7073292489,"GDP per Capita (PPP, current int. $)"
India,2007,NY.GDP.PCAP.PP.CD,3484.75620975801,"GDP per Capita (PPP, current int. $)"
India,2008,NY.GDP.PCAP.PP.CD,3637.75583010261,"GDP per Capita (PPP, current int. $)"
India,2009,NY.GDP.PCAP.PP.CD,3920.16015844915,"GDP per Capita (PPP, current int. $)"
India,2010,NY.GDP.PCAP.PP.CD,4315.43962747416,"GDP per Capita (PPP, current int. $)"
India,2011,NY.GDP.PCAP.PP.CD,4634.94516234712,"GDP per Capita (PPP, current int. $)"
India,2012,NY.GDP.PCAP.PP.CD,4915.57243146938,"GDP per Capita (PPP, current int. $)"
India,2013,NY.GDP.PCAP.PP.CD,5255.47558794738,"GDP per Capita (PPP, current int. $)"
India,2014,NY.GDP.PCAP.PP.CD,5663.72910657689,"GDP per Capita (PPP, current int. $)"
India,2015,NY.GDP.PCAP.PP.CD,6104.57624475407,"GDP per Capita (PPP, current int. $)"
South Africa,1990,NY.GDP.PCAP.PP.CD,6401.19047742041,"GDP per Capita (PPP, current int. $)"
South Africa,1991,NY.GDP.PCAP.PP.CD,6390.77278127898,"GDP per Capita (PPP, current int. $)"
South Africa,1992,NY.GDP.PCAP.PP.CD,6238.79239383239,"GDP per Capita (PPP, current int. $)"
South Africa,1993,NY.GDP.PCAP.PP.CD,6307.26752283496,"GDP per Capita (PPP, current int. $)"
South Africa,1994,NY.GDP.PCAP.PP.CD,6493.72552474213,"GDP per Capita (PPP, current int. $)"
South Africa,1995,NY.GDP.PCAP.PP.CD,6691.41158416557,"GDP per Capita (PPP, current int. $)"
South Africa,1996,NY.GDP.PCAP.PP.CD,6974.65530869437,"GDP per Capita (PPP, current int. $)"
South Africa,1997,NY.GDP.PCAP.PP.CD,7157.85353707675,"GDP per Capita (PPP, current int. $)"
South Africa,1998,NY.GDP.PCAP.PP.CD,7161.17443381537,"GDP per Capita (PPP, current int. $)"
South Africa,1999,NY.GDP.PCAP.PP.CD,7335.90661766209,"GDP per Capita (PPP, current int. $)"
South Africa,2000,NY.GDP.PCAP.PP.CD,7702.48465510806,"GDP per Capita (PPP, current int. $)"
South Africa,2001,NY.GDP.PCAP.PP.CD,8016.43093168223,"GDP per Capita (PPP, current int. $)"
South Africa,2002,NY.GDP.PCAP.PP.CD,8340.81765187387,"GDP per Capita (PPP, current int. $)"
South Africa,2003,NY.GDP.PCAP.PP.CD,8651.84985706193,"GDP per Capita (PPP, current int. $)"
South Africa,2004,NY.GDP.PCAP.PP.CD,9179.25146411029,"GDP per Capita (PPP, current int. $)"
South Africa,2005,NY.GDP.PCAP.PP.CD,9847.83285586395,"GDP per Capita (PPP, current int. $)"
South Africa,2006,NY.GDP.PCAP.PP.CD,10577.9423731609,"GDP per Capita (PPP, current int. $)"
South Africa,2007,NY.GDP.PCAP.PP.CD,11289.4292561371,"GDP per Capita (PPP, current int. $)"
South Africa,2008,NY.GDP.PCAP.PP.CD,11716.7189678757,"GDP per Capita (PPP, current int. $)"
South Africa,2009,NY.GDP.PCAP.PP.CD,11462.6154716842,"GDP per Capita (PPP, current int. $)"
South Africa,2010,NY.GDP.PCAP.PP.CD,11785.6051355226,"GDP per Capita (PPP, current int. $)"
South Africa,2011,NY.GDP.PCAP.PP.CD,12243.8790879753,"GDP per Capita (PPP, current int. $)"
South Africa,2012,NY.GDP.PCAP.PP.CD,12556.7484652958,"GDP per Capita (PPP, current int. $)"
South Africa,2013,NY.GDP.PCAP.PP.CD,12859.6175859172,"GDP per Capita (PPP, current int. $)"
South Africa,2014,NY.GDP.PCAP.PP.CD,13097.973689899,"GDP per Capita (PPP, current int. $)"
South Africa,2015,NY.GDP.PCAP.PP.CD,13195.4654186613,"GDP per Capita (PPP, current int. $)"
Rest of South Asia (excl. high income),1990,NV.AGR.TOTL.ZS,24.4369679537285,"Agriculture (value added, % of GDP)"
Rest of South Asia (excl. high income),1991,NV.AGR.TOTL.ZS,24.2220117636683,"Agriculture (value added, % of GDP)"
Rest of South Asia (excl. high income),1992,NV.AGR.TOTL.ZS,24.0702861334839,"Agriculture (value added, % of GDP)"
Rest of South Asia (excl. high income),1993,NV.AGR.TOTL.ZS,22.7705524991399,"Agriculture (value added, % of GDP)"
Rest of South Asia (excl. high income),1994,NV.AGR.TOTL.ZS,22.7247846806373,"Agriculture (value added, % of GDP)"
Rest of South Asia (excl. high income),1995,NV.AGR.TOTL.ZS,22.4959907447433,"Agriculture (value added, % of GDP)"
Rest of South Asia (excl. high income),1996,NV.AGR.TOTL.ZS,23.1477750532875,"Agriculture (value added, % of GDP)"
Rest of South Asia (excl. high income),1997,NV.AGR.TOTL.ZS,22.8568281585863,"Agriculture (value added, % of GDP)"
Rest of South Asia (excl. high income),1998,NV.AGR.TOTL.ZS,22.9252854438415,"Agriculture (value added, % of GDP)"
Rest of South Asia (excl. high income),1999,NV.AGR.TOTL.ZS,22.6075914790623,"Agriculture (value added, % of GDP)"
Rest of South Asia (excl. high income),2000,NV.AGR.TOTL.ZS,22.8400842532323,"Agriculture (value added, % of GDP)"
Rest of South Asia (excl. high income),2001,NV.AGR.TOTL.ZS,22.0802017157844,"Agriculture (value added, % of GDP)"
Rest of South Asia (excl. high income),2002,NV.AGR.TOTL.ZS,22.1654088639133,"Agriculture (value added, % of GDP)"
Rest of South Asia (excl. high income),2003,NV.AGR.TOTL.ZS,21.890734181645,"Agriculture (value added, % of GDP)"
Rest of South Asia (excl. high income),2004,NV.AGR.TOTL.ZS,20.9289838628749,"Agriculture (value added, % of GDP)"
Rest of South Asia (excl. high income),2005,NV.AGR.TOTL.ZS,20.7311531595755,"Agriculture (value added, % of GDP)"
Rest of South Asia (excl. high income),2006,NV.AGR.TOTL.ZS,20.4796773761543,"Agriculture (value added, % of GDP)"
Rest of South Asia (excl. high income),2007,NV.AGR.TOTL.ZS,20.1901907231292,"Agriculture (value added, % of GDP)"
Rest of South Asia (excl. high income),2008,NV.AGR.TOTL.ZS,19.8688409140544,"Agriculture (value added, % of GDP)"
Rest of South Asia (excl. high income),2009,NV.AGR.TOTL.ZS,20.05565925368,"Agriculture (value added, % of GDP)"
Rest of South Asia (excl. high income),2010,NV.AGR.TOTL.ZS,19.6089903575356,"Agriculture (value added, % of GDP)"
Rest of South Asia (excl. high income),2011,NV.AGR.TOTL.ZS,19.1443042700667,"Agriculture (value added, % of GDP)"
Rest of South Asia (excl. high income),2012,NV.AGR.TOTL.ZS,18.8693270026943,"Agriculture (value added, % of GDP)"
Rest of South Asia (excl. high income),2013,NV.AGR.TOTL.ZS,18.4707040137814,"Agriculture (value added, % of GDP)"
Rest of South Asia (excl. high income),2014,NV.AGR.TOTL.ZS,18.1347695946782,"Agriculture (value added, % of GDP)"
Rest of South Asia (excl. high income),2015,NV.AGR.TOTL.ZS,17.6745698959111,"Agriculture (value added, % of GDP)"
Rest of sub-Saharan Africa (excl. high income),1990,NV.AGR.TOTL.ZS,22.0852252033707,"Agriculture (value added, % of GDP)"
Rest of sub-Saharan Africa (excl. high income),1991,NV.AGR.TOTL.ZS,22.5556914447182,"Agriculture (value added, % of GDP)"
Rest of sub-Saharan Africa (excl. high income),1992,NV.AGR.TOTL.ZS,22.8074758129066,"Agriculture (value added, % of GDP)"
Rest of sub-Saharan Africa (excl. high income),1993,NV.AGR.TOTL.ZS,23.5998734478956,"Agriculture (value added, % of GDP)"
Rest of sub-Saharan Africa (excl. high income),1994,NV.AGR.TOTL.ZS,23.397643029169,"Agriculture (value added, % of GDP)"
Rest of sub-Saharan Africa (excl. high income),1995,NV.AGR.TOTL.ZS,24.0230235167401,"Agriculture (value added, % of GDP)"
Rest of sub-Saharan Africa (excl. high income),1996,NV.AGR.TOTL.ZS,24.4648757548717,"Agriculture (value added, % of GDP)"
Rest of sub-Saharan Africa (excl. high income),1997,NV.AGR.TOTL.ZS,24.576307130197,"Agriculture (value added, % of GDP)"
Rest of sub-Saharan Africa (excl. high income),1998,NV.AGR.TOTL.ZS,24.5893332420011,"Agriculture (value added, % of GDP)"
Rest of sub-Saharan Africa (excl. high income),1999,NV.AGR.TOTL.ZS,25.2528398535445,"Agriculture (value added, % of GDP)"
Rest of sub-Saharan Africa (excl. high income),2000,NV.AGR.TOTL.ZS,24.6305816357756,"Agriculture (value added, % of GDP)"
Rest of sub-Saharan Africa (excl. high income),2001,NV.AGR.TOTL.ZS,24.7323573496037,"Agriculture (value added, % of GDP)"
Rest of sub-Saharan Africa (excl. high income),2002,NV.AGR.TOTL.ZS,28.0621749405893,"Agriculture (value added, % of GDP)"
Rest of sub-Saharan Africa (excl. high income),2003,NV.AGR.TOTL.ZS,27.300357292333,"Agriculture (value added, % of GDP)"
Rest of sub-Saharan Africa (excl. high income),2004,NV.AGR.TOTL.ZS,24.4586552652095,"Agriculture (value added, % of GDP)"
Rest of sub-Saharan Africa (excl. high income),2005,NV.AGR.TOTL.ZS,24.6953962604642,"Agriculture (value added, % of GDP)"
Rest of sub-Saharan Africa (excl. high income),2006,NV.AGR.TOTL.ZS,24.6462130145623,"Agriculture (value added, % of GDP)"
Rest of sub-Saharan Africa (excl. high income),2007,NV.AGR.TOTL.ZS,24.5146735039178,"Agriculture (value added, % of GDP)"
Rest of sub-Saharan Africa (excl. high income),2008,NV.AGR.TOTL.ZS,24.4180829280107,"Agriculture (value added, % of GDP)"
Rest of sub-Saharan Africa (excl. high income),2009,NV.AGR.TOTL.ZS,24.0274243572013,"Agriculture (value added, % of GDP)"
Rest of sub-Saharan Africa (excl. high income),2010,NV.AGR.TOTL.ZS,23.5860531824789,"Agriculture (value added, % of GDP)"
Rest of sub-Saharan Africa (excl. high income),2011,NV.AGR.TOTL.ZS,23.1534009166336,"Agriculture (value added, % of GDP)"
Rest of sub-Saharan Africa (excl. high income),2012,NV.AGR.TOTL.ZS,23.4261549637851,"Agriculture (value added, % of GDP)"
Rest of sub-Saharan Africa (excl. high income),2013,NV.AGR.TOTL.ZS,22.8193216629739,"Agriculture (value added, % of GDP)"
Rest of sub-Saharan Africa (excl. high income),2014,NV.AGR.TOTL.ZS,22.3720676744186,"Agriculture (value added, % of GDP)"
Rest of sub-Saharan Africa (excl. high income),2015,NV.AGR.TOTL.ZS,22.337400304656,"Agriculture (value added, % of GDP)"
Rest of East Asia (excl. high income),1990,NV.AGR.TOTL.ZS,19.4343615918865,"Agriculture (value added, % of GDP)"
Rest of East Asia (excl. high income),1991,NV.AGR.TOTL.ZS,18.6978437792712,"Agriculture (value added, % of GDP)"
Rest of East Asia (excl. high income),1992,NV.AGR.TOTL.ZS,18.5810891094386,"Agriculture (value added, % of GDP)"
Rest of East Asia (excl. high income),1993,NV.AGR.TOTL.ZS,17.229091281365,"Agriculture (value added, % of GDP)"
Rest of East Asia (excl. high income),1994,NV.AGR.TOTL.ZS,16.3300647381977,"Agriculture (value added, % of GDP)"
Rest of East Asia (excl. high income),1995,NV.AGR.TOTL.ZS,15.5023304577595,"Agriculture (value added, % of GDP)"
Rest of East Asia (excl. high income),1996,NV.AGR.TOTL.ZS,14.9802866913455,"Agriculture (value added, % of GDP)"
Rest of East Asia (excl. high income),1997,NV.AGR.TOTL.ZS,14.6456769791252,"Agriculture (value added, % of GDP)"
Rest of East Asia (excl. high income),1998,NV.AGR.TOTL.ZS,15.8362004723459,"Agriculture (value added, % of GDP)"
Rest of East Asia (excl. high income),1999,NV.AGR.TOTL.ZS,15.9270464679012,"Agriculture (value added, % of GDP)"
Rest of East Asia (excl. high income),2000,NV.AGR.TOTL.ZS,16.2709193878283,"Agriculture (value added, % of GDP)"
Rest of East Asia (excl. high income),2001,NV.AGR.TOTL.ZS,16.2233667276232,"Agriculture (value added, % of GDP)"
Rest of East Asia (excl. high income),2002,NV.AGR.TOTL.ZS,15.8812536841929,"Agriculture (value added, % of GDP)"
Rest of East Asia (excl. high income),2003,NV.AGR.TOTL.ZS,15.914571541906,"Agriculture (value added, % of GDP)"
Rest of East Asia (excl. high income),2004,NV.AGR.TOTL.ZS,15.4681687094122,"Agriculture (value added, % of GDP)"
Rest of East Asia (excl. high income),2005,NV.AGR.TOTL.ZS,15.1158241894713,"Agriculture (value added, % of GDP)"
Rest of East Asia (excl. high income),2006,NV.AGR.TOTL.ZS,14.8755885680451,"Agriculture (value added, % of GDP)"
Rest of East Asia (excl. high income),2007,NV.AGR.TOTL.ZS,14.5400202689202,"Agriculture (value added, % of GDP)"
Rest of East Asia (excl. high income),2008,NV.AGR.TOTL.ZS,14.3833331977885,"Agriculture (value added, % of GDP)"
Rest of East Asia (excl. high income),2009,NV.AGR.TOTL.ZS,14.2410767733355,"Agriculture (value added, % of GDP)"
Rest of East Asia (excl. high income),2010,NV.AGR.TOTL.ZS,13.6491991853002,"Agriculture (value added, % of GDP)"
Rest of East Asia (excl. high income),2011,NV.AGR.TOTL.ZS,13.5611719042569,"Agriculture (value added, % of GDP)"
Rest of East Asia (excl. high income),2012,NV.AGR.TOTL.ZS,13.1944959031021,"Agriculture (value added, % of GDP)"
Rest of East Asia (excl. high income),2013,NV.AGR.TOTL.ZS,12.918598419385,"Agriculture (value added, % of GDP)"
Rest of East Asia (excl. high income),2014,NV.AGR.TOTL.ZS,12.7115491422233,"Agriculture (value added, % of GDP)"
Rest of East Asia (excl. high income),2015,NV.AGR.TOTL.ZS,12.3589066234527,"Agriculture (value added, % of GDP)"
China,1990,NV.AGR.TOTL.ZS,32.6220890612618,"Agriculture (value added, % of GDP)"
China,1991,NV.AGR.TOTL.ZS,30.5523251194052,"Agriculture (value added, % of GDP)"
China,1992,NV.AGR.TOTL.ZS,27.9828937059586,"Agriculture (value added, % of GDP)"
China,1993,NV.AGR.TOTL.ZS,25.7182451408935,"Agriculture (value added, % of GDP)"
China,1994,NV.AGR.TOTL.ZS,23.6538590437155,"Agriculture (value added, % of GDP)"
China,1995,NV.AGR.TOTL.ZS,22.3653624735515,"Agriculture (value added, % of GDP)"
China,1996,NV.AGR.TOTL.ZS,21.3753214555561,"Agriculture (value added, % of GDP)"
China,1997,NV.AGR.TOTL.ZS,20.2401658685064,"Agriculture (value added, % of GDP)"
China,1998,NV.AGR.TOTL.ZS,19.4137708409452,"Agriculture (value added, % of GDP)"
China,1999,NV.AGR.TOTL.ZS,18.5267435478202,"Agriculture (value added, % of GDP)"
China,2000,NV.AGR.TOTL.ZS,17.4699725475481,"Agriculture (value added, % of GDP)"
China,2001,NV.AGR.TOTL.ZS,16.5525772131068,"Agriculture (value added, % of GDP)"
China,2002,NV.AGR.TOTL.ZS,15.5754328204029,"Agriculture (value added, % of GDP)"
China,2003,NV.AGR.TOTL.ZS,14.4913439792255,"Agriculture (value added, % of GDP)"
China,2004,NV.AGR.TOTL.ZS,13.9665763911172,"Agriculture (value added, % of GDP)"
China,2005,NV.AGR.TOTL.ZS,13.1738299510665,"Agriculture (value added, % of GDP)"
China,2006,NV.AGR.TOTL.ZS,12.2409518598481,"Agriculture (value added, % of GDP)"
China,2007,NV.AGR.TOTL.ZS,11.0925741253117,"Agriculture (value added, % of GDP)"
China,2008,NV.AGR.TOTL.ZS,10.6396266720004,"Agriculture (value added, % of GDP)"
China,2009,NV.AGR.TOTL.ZS,10.1140586481645,"Agriculture (value added, % of GDP)"
China,2010,NV.AGR.TOTL.ZS,9.53019669501244,"Agriculture (value added, % of GDP)"
China,2011,NV.AGR.TOTL.ZS,9.0636197496577,"Agriculture (value added, % of GDP)"
China,2012,NV.AGR.TOTL.ZS,8.77949171753191,"Agriculture (value added, % of GDP)"
China,2013,NV.AGR.TOTL.ZS,8.45806522896081,"Agriculture (value added, % of GDP)"
China,2014,NV.AGR.TOTL.ZS,8.20295295399928,"Agriculture (value added, % of GDP)"
China,2015,NV.AGR.TOTL.ZS,7.97278378458409,"Agriculture (value added, % of GDP)"
India,1990,NV.AGR.TOTL.ZS,34.1952701705455,"Agriculture (value added, % of GDP)"
India,1991,NV.AGR.TOTL.ZS,33.1769867204227,"Agriculture (value added, % of GDP)"
India,1992,NV.AGR.TOTL.ZS,33.5445455275866,"Agriculture (value added, % of GDP)"
India,1993,NV.AGR.TOTL.ZS,33.087232080185,"Agriculture (value added, % of GDP)"
India,1994,NV.AGR.TOTL.ZS,32.4845011098836,"Agriculture (value added, % of GDP)"
India,1995,NV.AGR.TOTL.ZS,29.9872309747518,"Agriculture (value added, % of GDP)"
India,1996,NV.AGR.TOTL.ZS,30.6482570378747,"Agriculture (value added, % of GDP)"
India,1997,NV.AGR.TOTL.ZS,28.7031575085393,"Agriculture (value added, % of GDP)"
India,1998,NV.AGR.TOTL.ZS,28.7399306870079,"Agriculture (value added, % of GDP)"
India,1999,NV.AGR.TOTL.ZS,27.1090368965521,"Agriculture (value added, % of GDP)"
India,2000,NV.AGR.TOTL.ZS,26.1043075461754,"Agriculture (value added, % of GDP)"
India,2001,NV.AGR.TOTL.ZS,26.3989406892202,"Agriculture (value added, % of GDP)"
India,2002,NV.AGR.TOTL.ZS,23.7519735274608,"Agriculture (value added, % of GDP)"
India,2003,NV.AGR.TOTL.ZS,24.0136274083612,"Agriculture (value added, % of GDP)"
India,2004,NV.AGR.TOTL.ZS,22.2915545461416,"Agriculture (value added, % of GDP)"
India,2005,NV.AGR.TOTL.ZS,21.4460049453615,"Agriculture (value added, % of GDP)"
India,2006,NV.AGR.TOTL.ZS,21.1002227521984,"Agriculture (value added, % of GDP)"
India,2007,NV.AGR.TOTL.ZS,19.864222924665,"Agriculture (value added, % of GDP)"
India,2008,NV.AGR.TOTL.ZS,19.1380370434916,"Agriculture (value added, % of GDP)"
India,2009,NV.AGR.TOTL.ZS,17.7845794390722,"Agriculture (value added, % of GDP)"
India,2010,NV.AGR.TOTL.ZS,17.5163963412088,"Agriculture (value added, % of GDP)"
India,2011,NV.AGR.TOTL.ZS,17.2501920794893,"Agriculture (value added, % of GDP)"
India,2012,NV.AGR.TOTL.ZS,16.5992720836295,"Agriculture (value added, % of GDP)"
India,2013,NV.AGR.TOTL.ZS,16.4455824223677,"Agriculture (value added, % of GDP)"
India,2014,NV.AGR.TOTL.ZS,15.2981803764018,"Agriculture (value added, % of GDP)"
India,2015,NV.AGR.TOTL.ZS,14.281482121243,"Agriculture (value added, % of GDP)"
South Africa,1990,NV.AGR.TOTL.ZS,3.06275067981135,"Agriculture (value added, % of GDP)"
South Africa,1991,NV.AGR.TOTL.ZS,3.23246705654668,"Agriculture (value added, % of GDP)"
South Africa,1992,NV.AGR.TOTL.ZS,2.40268234419913,"Agriculture (value added, % of GDP)"
South Africa,1993,NV.AGR.TOTL.ZS,2.94316695350818,"Agriculture (value added, % of GDP)"
South Africa,1994,NV.AGR.TOTL.ZS,3.07720653114039,"Agriculture (value added, % of GDP)"
South Africa,1995,NV.AGR.TOTL.ZS,2.39072981018666,"Agriculture (value added, % of GDP)"
South Africa,1996,NV.AGR.TOTL.ZS,2.84228663540936,"Agriculture (value added, % of GDP)"
South Africa,1997,NV.AGR.TOTL.ZS,2.79519222250765,"Agriculture (value added, % of GDP)"
South Africa,1998,NV.AGR.TOTL.ZS,2.63387764627012,"Agriculture (value added, % of GDP)"
South Africa,1999,NV.AGR.TOTL.ZS,2.73161919964307,"Agriculture (value added, % of GDP)"
South Africa,2000,NV.AGR.TOTL.ZS,2.74472677649064,"Agriculture (value added, % of GDP)"
South Africa,2001,NV.AGR.TOTL.ZS,2.58437272833528,"Agriculture (value added, % of GDP)"
South Africa,2002,NV.AGR.TOTL.ZS,2.654143700439,"Agriculture (value added, % of GDP)"
South Africa,2003,NV.AGR.TOTL.ZS,2.59567194066448,"Agriculture (value added, % of GDP)"
South Africa,2004,NV.AGR.TOTL.ZS,2.50393687948442,"Agriculture (value added, % of GDP)"
South Africa,2005,NV.AGR.TOTL.ZS,2.44525477217325,"Agriculture (value added, % of GDP)"
South Africa,2006,NV.AGR.TOTL.ZS,2.1893970466238,"Agriculture (value added, % of GDP)"
South Africa,2007,NV.AGR.TOTL.ZS,2.13991323696773,"Agriculture (value added, % of GDP)"
South Africa,2008,NV.AGR.TOTL.ZS,2.47628338020645,"Agriculture (value added, % of GDP)"
South Africa,2009,NV.AGR.TOTL.ZS,2.46737555763125,"Agriculture (value added, % of GDP)"
South Africa,2010,NV.AGR.TOTL.ZS,2.38736568452493,"Agriculture (value added, % of GDP)"
South Africa,2011,NV.AGR.TOTL.ZS,2.3575383188494,"Agriculture (value added, % of GDP)"
South Africa,2012,NV.AGR.TOTL.ZS,2.34719938187623,"Agriculture (value added, % of GDP)"
South Africa,2013,NV.AGR.TOTL.ZS,2.37742202019364,"Agriculture (value added, % of GDP)"
South Africa,2014,NV.AGR.TOTL.ZS,2.49970913727777,"Agriculture (value added, % of GDP)"
South Africa,2015,NV.AGR.TOTL.ZS,2.32375190035927,"Agriculture (value added, % of GDP)"
Rest of South Asia (excl. high income),1990,NV.SRV.TETC.ZS,49.2193279408019,"Services (valude added, % of GDP)"
Rest of South Asia (excl. high income),1991,NV.SRV.TETC.ZS,49.360167276768,"Services (valude added, % of GDP)"
Rest of South Asia (excl. high income),1992,NV.SRV.TETC.ZS,49.0631905063533,"Services (valude added, % of GDP)"
Rest of South Asia (excl. high income),1993,NV.SRV.TETC.ZS,49.7081793971349,"Services (valude added, % of GDP)"
Rest of South Asia (excl. high income),1994,NV.SRV.TETC.ZS,49.7953300223876,"Services (valude added, % of GDP)"
Rest of South Asia (excl. high income),1995,NV.SRV.TETC.ZS,49.7201982473083,"Services (valude added, % of GDP)"
Rest of South Asia (excl. high income),1996,NV.SRV.TETC.ZS,49.789390306479,"Services (valude added, % of GDP)"
Rest of South Asia (excl. high income),1997,NV.SRV.TETC.ZS,50.4349107619238,"Services (valude added, % of GDP)"
Rest of South Asia (excl. high income),1998,NV.SRV.TETC.ZS,50.2105129577149,"Services (valude added, % of GDP)"
Rest of South Asia (excl. high income),1999,NV.SRV.TETC.ZS,50.5013382218223,"Services (valude added, % of GDP)"
Rest of South Asia (excl. high income),2000,NV.SRV.TETC.ZS,50.52738163878,"Services (valude added, % of GDP)"
Rest of South Asia (excl. high income),2001,NV.SRV.TETC.ZS,51.0370896321132,"Services (valude added, % of GDP)"
Rest of South Asia (excl. high income),2002,NV.SRV.TETC.ZS,51.6725409236939,"Services (valude added, % of GDP)"
Rest of South Asia (excl. high income),2003,NV.SRV.TETC.ZS,51.946698429011,"Services (valude added, % of GDP)"
Rest of South Asia (excl. high income),2004,NV.SRV.TETC.ZS,51.6737882980685,"Services (valude added, % of GDP)"
Rest of South Asia (excl. high income),2005,NV.SRV.TETC.ZS,51.8527136664027,"Services (valude added, % of GDP)"
Rest of South Asia (excl. high income),2006,NV.SRV.TETC.ZS,51.5759119949755,"Services (valude added, % of GDP)"
Rest of South Asia (excl. high income),2007,NV.SRV.TETC.ZS,51.7476598039761,"Services (valude added, % of GDP)"
Rest of South Asia (excl. high income),2008,NV.SRV.TETC.ZS,52.6600404075017,"Services (valude added, % of GDP)"
Rest of South Asia (excl. high income),2009,NV.SRV.TETC.ZS,52.2466215620687,"Services (valude added, % of GDP)"
Rest of South Asia (excl. high income),2010,NV.SRV.TETC.ZS,52.8159134725487,"Services (valude added, % of GDP)"
Rest of South Asia (excl. high income),2011,NV.SRV.TETC.ZS,53.1838396990329,"Services (valude added, % of GDP)"
Rest of South Asia (excl. high income),2012,NV.SRV.TETC.ZS,53.5855919745134,"Services (valude added, % of GDP)"
Rest of South Asia (excl. high income),2013,NV.SRV.TETC.ZS,53.7628830579781,"Services (valude added, % of GDP)"
Rest of South Asia (excl. high income),2014,NV.SRV.TETC.ZS,53.6881808426348,"Services (valude added, % of GDP)"
Rest of South Asia (excl. high income),2015,NV.SRV.TETC.ZS,53.5556629075425,"Services (valude added, % of GDP)"
Rest of sub-Saharan Africa (excl. high income),1990,NV.SRV.TETC.ZS,36.4364049068067,"Services (valude added, % of GDP)"
Rest of sub-Saharan Africa (excl. high income),1991,NV.SRV.TETC.ZS,37.3520187511612,"Services (valude added, % of GDP)"
Rest of sub-Saharan Africa (excl. high income),1992,NV.SRV.TETC.ZS,38.0584399324673,"Services (valude added, % of GDP)"
Rest of sub-Saharan Africa (excl. high income),1993,NV.SRV.TETC.ZS,37.7869178256646,"Services (valude added, % of GDP)"
Rest of sub-Saharan Africa (excl. high income),1994,NV.SRV.TETC.ZS,37.8666986104457,"Services (valude added, % of GDP)"
Rest of sub-Saharan Africa (excl. high income),1995,NV.SRV.TETC.ZS,38.380991093038,"Services (valude added, % of GDP)"
Rest of sub-Saharan Africa (excl. high income),1996,NV.SRV.TETC.ZS,37.3068484995922,"Services (valude added, % of GDP)"
Rest of sub-Saharan Africa (excl. high income),1997,NV.SRV.TETC.ZS,37.3669627947755,"Services (valude added, % of GDP)"
Rest of sub-Saharan Africa (excl. high income),1998,NV.SRV.TETC.ZS,37.6634339082347,"Services (valude added, % of GDP)"
Rest of sub-Saharan Africa (excl. high income),1999,NV.SRV.TETC.ZS,38.2518347545246,"Services (valude added, % of GDP)"
Rest of sub-Saharan Africa (excl. high income),2000,NV.SRV.TETC.ZS,37.821506720594,"Services (valude added, % of GDP)"
Rest of sub-Saharan Africa (excl. high income),2001,NV.SRV.TETC.ZS,38.0953886397439,"Services (valude added, % of GDP)"
Rest of sub-Saharan Africa (excl. high income),2002,NV.SRV.TETC.ZS,39.7039380070317,"Services (valude added, % of GDP)"
Rest of sub-Saharan Africa (excl. high income),2003,NV.SRV.TETC.ZS,39.1074536325574,"Services (valude added, % of GDP)"
Rest of sub-Saharan Africa (excl. high income),2004,NV.SRV.TETC.ZS,38.4440448892543,"Services (valude added, % of GDP)"
Rest of sub-Saharan Africa (excl. high income),2005,NV.SRV.TETC.ZS,39.9117677613035,"Services (valude added, % of GDP)"
Rest of sub-Saharan Africa (excl. high income),2006,NV.SRV.TETC.ZS,41.6949965698337,"Services (valude added, % of GDP)"
Rest of sub-Saharan Africa (excl. high income),2007,NV.SRV.TETC.ZS,42.9396951789664,"Services (valude added, % of GDP)"
Rest of sub-Saharan Africa (excl. high income),2008,NV.SRV.TETC.ZS,44.640502687326,"Services (valude added, % of GDP)"
Rest of sub-Saharan Africa (excl. high income),2009,NV.SRV.TETC.ZS,45.9357103179117,"Services (valude added, % of GDP)"
Rest of sub-Saharan Africa (excl. high income),2010,NV.SRV.TETC.ZS,47.1048091742574,"Services (valude added, % of GDP)"
Rest of sub-Saharan Africa (excl. high income),2011,NV.SRV.TETC.ZS,47.4017206004937,"Services (valude added, % of GDP)"
Rest of sub-Saharan Africa (excl. high income),2012,NV.SRV.TETC.ZS,47.5747754408209,"Services (valude added, % of GDP)"
Rest of sub-Saharan Africa (excl. high income),2013,NV.SRV.TETC.ZS,48.3141371904819,"Services (valude added, % of GDP)"
Rest of sub-Saharan Africa (excl. high income),2014,NV.SRV.TETC.ZS,48.2872592868281,"Services (valude added, % of GDP)"
Rest of sub-Saharan Africa (excl. high income),2015,NV.SRV.TETC.ZS,49.3858008211449,"Services (valude added, % of GDP)"
Rest of East Asia (excl. high income),1990,NV.SRV.TETC.ZS,41.4244720501844,"Services (valude added, % of GDP)"
Rest of East Asia (excl. high income),1991,NV.SRV.TETC.ZS,41.2530145905109,"Services (valude added, % of GDP)"
Rest of East Asia (excl. high income),1992,NV.SRV.TETC.ZS,41.4508806384399,"Services (valude added, % of GDP)"
Rest of East Asia (excl. high income),1993,NV.SRV.TETC.ZS,42.2417077924425,"Services (valude added, % of GDP)"
Rest of East Asia (excl. high income),1994,NV.SRV.TETC.ZS,42.2268729606272,"Services (valude added, % of GDP)"
Rest of East Asia (excl. high income),1995,NV.SRV.TETC.ZS,41.8178873252467,"Services (valude added, % of GDP)"
Rest of East Asia (excl. high income),1996,NV.SRV.TETC.ZS,41.46019629492,"Services (valude added, % of GDP)"
Rest of East Asia (excl. high income),1997,NV.SRV.TETC.ZS,41.6022527864278,"Services (valude added, % of GDP)"
Rest of East Asia (excl. high income),1998,NV.SRV.TETC.ZS,41.4655396092052,"Services (valude added, % of GDP)"
Rest of East Asia (excl. high income),1999,NV.SRV.TETC.ZS,41.1122141958321,"Services (valude added, % of GDP)"
Rest of East Asia (excl. high income),2000,NV.SRV.TETC.ZS,40.9487279753878,"Services (valude added, % of GDP)"
Rest of East Asia (excl. high income),2001,NV.SRV.TETC.ZS,41.5384979627205,"Services (valude added, % of GDP)"
Rest of East Asia (excl. high income),2002,NV.SRV.TETC.ZS,41.7861523811483,"Services (valude added, % of GDP)"
Rest of East Asia (excl. high income),2003,NV.SRV.TETC.ZS,41.7576157496115,"Services (valude added, % of GDP)"
Rest of East Asia (excl. high income),2004,NV.SRV.TETC.ZS,42.283534041095,"Services (valude added, % of GDP)"
Rest of East Asia (excl. high income),2005,NV.SRV.TETC.ZS,42.8366774329244,"Services (valude added, % of GDP)"
Rest of East Asia (excl. high income),2006,NV.SRV.TETC.ZS,43.1000842117915,"Services (valude added, % of GDP)"
Rest of East Asia (excl. high income),2007,NV.SRV.TETC.ZS,44.108874506696,"Services (valude added, % of GDP)"
Rest of East Asia (excl. high income),2008,NV.SRV.TETC.ZS,44.8106981071678,"Services (valude added, % of GDP)"
Rest of East Asia (excl. high income),2009,NV.SRV.TETC.ZS,45.4955846073656,"Services (valude added, % of GDP)"
Rest of East Asia (excl. high income),2010,NV.SRV.TETC.ZS,46.5182797497089,"Services (valude added, % of GDP)"
Rest of East Asia (excl. high income),2011,NV.SRV.TETC.ZS,46.212246811206,"Services (valude added, % of GDP)"
Rest of East Asia (excl. high income),2012,NV.SRV.TETC.ZS,46.6180585092827,"Services (valude added, % of GDP)"
Rest of East Asia (excl. high income),2013,NV.SRV.TETC.ZS,46.9705534061214,"Services (valude added, % of GDP)"
Rest of East Asia (excl. high income),2014,NV.SRV.TETC.ZS,47.2529724703832,"Services (valude added, % of GDP)"
Rest of East Asia (excl. high income),2015,NV.SRV.TETC.ZS,47.5679860643183,"Services (valude added, % of GDP)"
China,1990,NV.SRV.TETC.ZS,42.0982952113045,"Services (valude added, % of GDP)"
China,1991,NV.SRV.TETC.ZS,42.0549004231108,"Services (valude added, % of GDP)"
China,1992,NV.SRV.TETC.ZS,41.4649699369168,"Services (valude added, % of GDP)"
China,1993,NV.SRV.TETC.ZS,40.8461557580326,"Services (valude added, % of GDP)"
China,1994,NV.SRV.TETC.ZS,40.2382270355024,"Services (valude added, % of GDP)"
China,1995,NV.SRV.TETC.ZS,39.9240061163629,"Services (valude added, % of GDP)"
China,1996,NV.SRV.TETC.ZS,39.662515715866,"Services (valude added, % of GDP)"
China,1997,NV.SRV.TETC.ZS,40.1011679947596,"Services (valude added, % of GDP)"
China,1998,NV.SRV.TETC.ZS,40.3082025299161,"Services (valude added, % of GDP)"
China,1999,NV.SRV.TETC.ZS,40.9036916644679,"Services (valude added, % of GDP)"
China,2000,NV.SRV.TETC.ZS,41.3847868475313,"Services (valude added, % of GDP)"
China,2001,NV.SRV.TETC.ZS,42.1201406443092,"Services (valude added, % of GDP)"
China,2002,NV.SRV.TETC.ZS,42.6419022707327,"Services (valude added, % of GDP)"
China,2003,NV.SRV.TETC.ZS,42.4495726502295,"Services (valude added, % of GDP)"
China,2004,NV.SRV.TETC.ZS,42.4543111120458,"Services (valude added, % of GDP)"
China,2005,NV.SRV.TETC.ZS,42.8213743834856,"Services (valude added, % of GDP)"
China,2006,NV.SRV.TETC.ZS,43.3584305548355,"Services (valude added, % of GDP)"
China,2007,NV.SRV.TETC.ZS,44.0562108228543,"Services (valude added, % of GDP)"
China,2008,NV.SRV.TETC.ZS,44.3871042867248,"Services (valude added, % of GDP)"
China,2009,NV.SRV.TETC.ZS,44.4633524360921,"Services (valude added, % of GDP)"
China,2010,NV.SRV.TETC.ZS,44.0737398684793,"Services (valude added, % of GDP)"
China,2011,NV.SRV.TETC.ZS,44.0517761564833,"Services (valude added, % of GDP)"
China,2012,NV.SRV.TETC.ZS,44.1151233682182,"Services (valude added, % of GDP)"
China,2013,NV.SRV.TETC.ZS,44.3362976679839,"Services (valude added, % of GDP)"
China,2014,NV.SRV.TETC.ZS,44.5491058937472,"Services (valude added, % of GDP)"
China,2015,NV.SRV.TETC.ZS,45.0840150067469,"Services (valude added, % of GDP)"
India,1990,NV.SRV.TETC.ZS,32.4770404708427,"Services (valude added, % of GDP)"
India,1991,NV.SRV.TETC.ZS,33.5717547580013,"Services (valude added, % of GDP)"
India,1992,NV.SRV.TETC.ZS,33.6925862664737,"Services (valude added, % of GDP)"
India,1993,NV.SRV.TETC.ZS,34.5219081166655,"Services (valude added, % of GDP)"
India,1994,NV.SRV.TETC.ZS,34.2457318272478,"Services (valude added, % of GDP)"
India,1995,NV.SRV.TETC.ZS,34.9522902011531,"Services (valude added, % of GDP)"
India,1996,NV.SRV.TETC.ZS,35.0542933456912,"Services (valude added, % of GDP)"
India,1997,NV.SRV.TETC.ZS,36.5202021216746,"Services (valude added, % of GDP)"
India,1998,NV.SRV.TETC.ZS,37.2681810139539,"Services (valude added, % of GDP)"
India,1999,NV.SRV.TETC.ZS,38.2962861759977,"Services (valude added, % of GDP)"
India,2000,NV.SRV.TETC.ZS,38.7479326256633,"Services (valude added, % of GDP)"
India,2001,NV.SRV.TETC.ZS,39.4085204154829,"Services (valude added, % of GDP)"
India,2002,NV.SRV.TETC.ZS,40.5235707134482,"Services (valude added, % of GDP)"
India,2003,NV.SRV.TETC.ZS,40.5345324443081,"Services (valude added, % of GDP)"
India,2004,NV.SRV.TETC.ZS,40.6683237806219,"Services (valude added, % of GDP)"
India,2005,NV.SRV.TETC.ZS,41.2718822641203,"Services (valude added, % of GDP)"
India,2006,NV.SRV.TETC.ZS,39.747208004617,"Services (valude added, % of GDP)"
India,2007,NV.SRV.TETC.ZS,41.0236662013521,"Services (valude added, % of GDP)"
India,2008,NV.SRV.TETC.ZS,44.0588948067291,"Services (valude added, % of GDP)"
India,2009,NV.SRV.TETC.ZS,45.3072000480119,"Services (valude added, % of GDP)"
India,2010,NV.SRV.TETC.ZS,45.1785735951905,"Services (valude added, % of GDP)"
India,2011,NV.SRV.TETC.ZS,45.15896347741,"Services (valude added, % of GDP)"
India,2012,NV.SRV.TETC.ZS,46.3531754300905,"Services (valude added, % of GDP)"
India,2013,NV.SRV.TETC.ZS,46.8599734577706,"Services (valude added, % of GDP)"
India,2014,NV.SRV.TETC.ZS,47.8699753965991,"Services (valude added, % of GDP)"
India,2015,NV.SRV.TETC.ZS,48.7138624572306,"Services (valude added, % of GDP)"
South Africa,1990,NV.SRV.TETC.ZS,56.1410317878653,"Services (valude added, % of GDP)"
South Africa,1991,NV.SRV.TETC.ZS,56.7049763533898,"Services (valude added, % of GDP)"
South Africa,1992,NV.SRV.TETC.ZS,57.3602698437257,"Services (valude added, % of GDP)"
South Africa,1993,NV.SRV.TETC.ZS,57.2482633689507,"Services (valude added, % of GDP)"
South Africa,1994,NV.SRV.TETC.ZS,57.326760302342,"Services (valude added, % of GDP)"
South Africa,1995,NV.SRV.TETC.ZS,57.7138231318627,"Services (valude added, % of GDP)"
South Africa,1996,NV.SRV.TETC.ZS,57.4125073180309,"Services (valude added, % of GDP)"
South Africa,1997,NV.SRV.TETC.ZS,57.1545179462739,"Services (valude added, % of GDP)"
South Africa,1998,NV.SRV.TETC.ZS,57.8100935438527,"Services (valude added, % of GDP)"
South Africa,1999,NV.SRV.TETC.ZS,58.3301063856132,"Services (valude added, % of GDP)"
South Africa,2000,NV.SRV.TETC.ZS,58.0228432040156,"Services (valude added, % of GDP)"
South Africa,2001,NV.SRV.TETC.ZS,58.2108866119672,"Services (valude added, % of GDP)"
South Africa,2002,NV.SRV.TETC.ZS,58.1195626365486,"Services (valude added, % of GDP)"
South Africa,2003,NV.SRV.TETC.ZS,58.7531336307816,"Services (valude added, % of GDP)"
South Africa,2004,NV.SRV.TETC.ZS,58.7409981853612,"Services (valude added, % of GDP)"
South Africa,2005,NV.SRV.TETC.ZS,58.8252164643677,"Services (valude added, % of GDP)"
South Africa,2006,NV.SRV.TETC.ZS,59.0434001951025,"Services (valude added, % of GDP)"
South Africa,2007,NV.SRV.TETC.ZS,59.4817393649976,"Services (valude added, % of GDP)"
South Africa,2008,NV.SRV.TETC.ZS,60.0942741953758,"Services (valude added, % of GDP)"
South Africa,2009,NV.SRV.TETC.ZS,61.4798059284799,"Services (valude added, % of GDP)"
South Africa,2010,NV.SRV.TETC.ZS,61.019218284663,"Services (valude added, % of GDP)"
South Africa,2011,NV.SRV.TETC.ZS,61.4812986701658,"Services (valude added, % of GDP)"
South Africa,2012,NV.SRV.TETC.ZS,61.9805817909513,"Services (valude added, % of GDP)"
South Africa,2013,NV.SRV.TETC.ZS,62.0731463944464,"Services (valude added, % of GDP)"
South Africa,2014,NV.SRV.TETC.ZS,62.452022595715,"Services (valude added, % of GDP)"
South Africa,2015,NV.SRV.TETC.ZS,62.687011928694,"Services (valude added, % of GDP)"
Rest of South Asia (excl. high income),1990,NV.IND.TOTL.ZS,17.6173336063924,"Industry (value added, % of GDP)"
Rest of South Asia (excl. high income),1991,NV.IND.TOTL.ZS,17.6800211346734,"Industry (value added, % of GDP)"
Rest of South Asia (excl. high income),1992,NV.IND.TOTL.ZS,17.8327830705901,"Industry (value added, % of GDP)"
Rest of South Asia (excl. high income),1993,NV.IND.TOTL.ZS,18.3824822839188,"Industry (value added, % of GDP)"
Rest of South Asia (excl. high income),1994,NV.IND.TOTL.ZS,18.6890231962265,"Industry (value added, % of GDP)"
Rest of South Asia (excl. high income),1995,NV.IND.TOTL.ZS,18.931709988701,"Industry (value added, % of GDP)"
Rest of South Asia (excl. high income),1996,NV.IND.TOTL.ZS,19.0932643038725,"Industry (value added, % of GDP)"
Rest of South Asia (excl. high income),1997,NV.IND.TOTL.ZS,19.1068005952116,"Industry (value added, % of GDP)"
Rest of South Asia (excl. high income),1998,NV.IND.TOTL.ZS,19.6619330164543,"Industry (value added, % of GDP)"
Rest of South Asia (excl. high income),1999,NV.IND.TOTL.ZS,19.8479883876197,"Industry (value added, % of GDP)"
Rest of South Asia (excl. high income),2000,NV.IND.TOTL.ZS,19.7217901599293,"Industry (value added, % of GDP)"
Rest of South Asia (excl. high income),2001,NV.IND.TOTL.ZS,19.9527255505034,"Industry (value added, % of GDP)"
Rest of South Asia (excl. high income),2002,NV.IND.TOTL.ZS,19.9327141576386,"Industry (value added, % of GDP)"
Rest of South Asia (excl. high income),2003,NV.IND.TOTL.ZS,19.9651701528006,"Industry (value added, % of GDP)"
Rest of South Asia (excl. high income),2004,NV.IND.TOTL.ZS,20.8414400230893,"Industry (value added, % of GDP)"
Rest of South Asia (excl. high income),2005,NV.IND.TOTL.ZS,21.3909174366321,"Industry (value added, % of GDP)"
Rest of South Asia (excl. high income),2006,NV.IND.TOTL.ZS,21.4818567907732,"Industry (value added, % of GDP)"
Rest of South Asia (excl. high income),2007,NV.IND.TOTL.ZS,21.9296885448754,"Industry (value added, % of GDP)"
Rest of South Asia (excl. high income),2008,NV.IND.TOTL.ZS,22.6539722875563,"Industry (value added, % of GDP)"
Rest of South Asia (excl. high income),2009,NV.IND.TOTL.ZS,21.8739804632037,"Industry (value added, % of GDP)"
Rest of South Asia (excl. high income),2010,NV.IND.TOTL.ZS,22.1937303084914,"Industry (value added, % of GDP)"
Rest of South Asia (excl. high income),2011,NV.IND.TOTL.ZS,22.6539731805506,"Industry (value added, % of GDP)"
Rest of South Asia (excl. high income),2012,NV.IND.TOTL.ZS,22.7681972111153,"Industry (value added, % of GDP)"
Rest of South Asia (excl. high income),2013,NV.IND.TOTL.ZS,22.7638735451035,"Industry (value added, % of GDP)"
Rest of South Asia (excl. high income),2014,NV.IND.TOTL.ZS,22.9019319676577,"Industry (value added, % of GDP)"
Rest of South Asia (excl. high income),2015,NV.IND.TOTL.ZS,23.1699434937241,"Industry (value added, % of GDP)"
Rest of sub-Saharan Africa (excl. high income),1990,NV.IND.TOTL.ZS,35.8092953591141,"Industry (value added, % of GDP)"
Rest of sub-Saharan Africa (excl. high income),1991,NV.IND.TOTL.ZS,33.8680742190835,"Industry (value added, % of GDP)"
Rest of sub-Saharan Africa (excl. high income),1992,NV.IND.TOTL.ZS,33.6052692014419,"Industry (value added, % of GDP)"
Rest of sub-Saharan Africa (excl. high income),1993,NV.IND.TOTL.ZS,32.8610757028686,"Industry (value added, % of GDP)"
Rest of sub-Saharan Africa (excl. high income),1994,NV.IND.TOTL.ZS,32.5288160330226,"Industry (value added, % of GDP)"
Rest of sub-Saharan Africa (excl. high income),1995,NV.IND.TOTL.ZS,32.1808869950961,"Industry (value added, % of GDP)"
Rest of sub-Saharan Africa (excl. high income),1996,NV.IND.TOTL.ZS,32.2439545944644,"Industry (value added, % of GDP)"
Rest of sub-Saharan Africa (excl. high income),1997,NV.IND.TOTL.ZS,32.0320956633039,"Industry (value added, % of GDP)"
Rest of sub-Saharan Africa (excl. high income),1998,NV.IND.TOTL.ZS,31.8259814954846,"Industry (value added, % of GDP)"
Rest of sub-Saharan Africa (excl. high income),1999,NV.IND.TOTL.ZS,30.8165103391592,"Industry (value added, % of GDP)"
Rest of sub-Saharan Africa (excl. high income),2000,NV.IND.TOTL.ZS,31.7671496765175,"Industry (value added, % of GDP)"
Rest of sub-Saharan Africa (excl. high income),2001,NV.IND.TOTL.ZS,32.7843276122771,"Industry (value added, % of GDP)"
Rest of sub-Saharan Africa (excl. high income),2002,NV.IND.TOTL.ZS,32.2250623357368,"Industry (value added, % of GDP)"
Rest of sub-Saharan Africa (excl. high income),2003,NV.IND.TOTL.ZS,33.8384307474717,"Industry (value added, % of GDP)"
Rest of sub-Saharan Africa (excl. high income),2004,NV.IND.TOTL.ZS,30.5209024208301,"Industry (value added, % of GDP)"
Rest of sub-Saharan Africa (excl. high income),2005,NV.IND.TOTL.ZS,30.2707962654232,"Industry (value added, % of GDP)"
Rest of sub-Saharan Africa (excl. high income),2006,NV.IND.TOTL.ZS,27.9073494323302,"Industry (value added, % of GDP)"
Rest of sub-Saharan Africa (excl. high income),2007,NV.IND.TOTL.ZS,26.7712729092463,"Industry (value added, % of GDP)"
Rest of sub-Saharan Africa (excl. high income),2008,NV.IND.TOTL.ZS,25.3240365980063,"Industry (value added, % of GDP)"
Rest of sub-Saharan Africa (excl. high income),2009,NV.IND.TOTL.ZS,24.7631630306931,"Industry (value added, % of GDP)"
Rest of sub-Saharan Africa (excl. high income),2010,NV.IND.TOTL.ZS,24.6837587470535,"Industry (value added, % of GDP)"
Rest of sub-Saharan Africa (excl. high income),2011,NV.IND.TOTL.ZS,25.0632472458627,"Industry (value added, % of GDP)"
Rest of sub-Saharan Africa (excl. high income),2012,NV.IND.TOTL.ZS,24.7490791367038,"Industry (value added, % of GDP)"
Rest of sub-Saharan Africa (excl. high income),2013,NV.IND.TOTL.ZS,24.5640757339109,"Industry (value added, % of GDP)"
Rest of sub-Saharan Africa (excl. high income),2014,NV.IND.TOTL.ZS,24.6624219212333,"Industry (value added, % of GDP)"
Rest of sub-Saharan Africa (excl. high income),2015,NV.IND.TOTL.ZS,24.0339942553464,"Industry (value added, % of GDP)"
Rest of East Asia (excl. high income),1990,NV.IND.TOTL.ZS,38.7326895782162,"Industry (value added, % of GDP)"
Rest of East Asia (excl. high income),1991,NV.IND.TOTL.ZS,39.5653766590306,"Industry (value added, % of GDP)"
Rest of East Asia (excl. high income),1992,NV.IND.TOTL.ZS,39.4789817803219,"Industry (value added, % of GDP)"
Rest of East Asia (excl. high income),1993,NV.IND.TOTL.ZS,39.8677050836409,"Industry (value added, % of GDP)"
Rest of East Asia (excl. high income),1994,NV.IND.TOTL.ZS,40.8430256013132,"Industry (value added, % of GDP)"
Rest of East Asia (excl. high income),1995,NV.IND.TOTL.ZS,42.0027941493035,"Industry (value added, % of GDP)"
Rest of East Asia (excl. high income),1996,NV.IND.TOTL.ZS,42.9198398300022,"Industry (value added, % of GDP)"
Rest of East Asia (excl. high income),1997,NV.IND.TOTL.ZS,43.0412902545328,"Industry (value added, % of GDP)"
Rest of East Asia (excl. high income),1998,NV.IND.TOTL.ZS,42.0589965477112,"Industry (value added, % of GDP)"
Rest of East Asia (excl. high income),1999,NV.IND.TOTL.ZS,42.3960286978196,"Industry (value added, % of GDP)"
Rest of East Asia (excl. high income),2000,NV.IND.TOTL.ZS,42.2529449570709,"Industry (value added, % of GDP)"
Rest of East Asia (excl. high income),2001,NV.IND.TOTL.ZS,41.7015359611493,"Industry (value added, % of GDP)"
Rest of East Asia (excl. high income),2002,NV.IND.TOTL.ZS,41.7277735470918,"Industry (value added, % of GDP)"
Rest of East Asia (excl. high income),2003,NV.IND.TOTL.ZS,41.7565525924592,"Industry (value added, % of GDP)"
Rest of East Asia (excl. high income),2004,NV.IND.TOTL.ZS,41.5984543589517,"Industry (value added, % of GDP)"
Rest of East Asia (excl. high income),2005,NV.IND.TOTL.ZS,41.3254907705105,"Industry (value added, % of GDP)"
Rest of East Asia (excl. high income),2006,NV.IND.TOTL.ZS,41.0797510529453,"Industry (value added, % of GDP)"
Rest of East Asia (excl. high income),2007,NV.IND.TOTL.ZS,40.3063696470209,"Industry (value added, % of GDP)"
Rest of East Asia (excl. high income),2008,NV.IND.TOTL.ZS,39.695823761056,"Industry (value added, % of GDP)"
Rest of East Asia (excl. high income),2009,NV.IND.TOTL.ZS,39.1041800536394,"Industry (value added, % of GDP)"
Rest of East Asia (excl. high income),2010,NV.IND.TOTL.ZS,38.8581718382736,"Industry (value added, % of GDP)"
Rest of East Asia (excl. high income),2011,NV.IND.TOTL.ZS,38.383230429803,"Industry (value added, % of GDP)"
Rest of East Asia (excl. high income),2012,NV.IND.TOTL.ZS,38.2972183853645,"Industry (value added, % of GDP)"
Rest of East Asia (excl. high income),2013,NV.IND.TOTL.ZS,38.0290641875245,"Industry (value added, % of GDP)"
Rest of East Asia (excl. high income),2014,NV.IND.TOTL.ZS,37.9206927857649,"Industry (value added, % of GDP)"
Rest of East Asia (excl. high income),2015,NV.IND.TOTL.ZS,37.6292567770353,"Industry (value added, % of GDP)"
China,1990,NV.IND.TOTL.ZS,32.2929123747063,"Industry (value added, % of GDP)"
China,1991,NV.IND.TOTL.ZS,33.6158383858094,"Industry (value added, % of GDP)"
China,1992,NV.IND.TOTL.ZS,35.6171403374822,"Industry (value added, % of GDP)"
China,1993,NV.IND.TOTL.ZS,37.4618001622654,"Industry (value added, % of GDP)"
China,1994,NV.IND.TOTL.ZS,39.1428988358387,"Industry (value added, % of GDP)"
China,1995,NV.IND.TOTL.ZS,40.1610697013948,"Industry (value added, % of GDP)"
China,1996,NV.IND.TOTL.ZS,40.9523049786799,"Industry (value added, % of GDP)"
China,1997,NV.IND.TOTL.ZS,41.4170502512012,"Industry (value added, % of GDP)"
China,1998,NV.IND.TOTL.ZS,41.8299484699762,"Industry (value added, % of GDP)"
China,1999,NV.IND.TOTL.ZS,42.0346474947092,"Industry (value added, % of GDP)"
China,2000,NV.IND.TOTL.ZS,42.4186015391716,"Industry (value added, % of GDP)"
China,2001,NV.IND.TOTL.ZS,42.4750397350676,"Industry (value added, % of GDP)"
China,2002,NV.IND.TOTL.ZS,42.7746025656105,"Industry (value added, % of GDP)"
China,2003,NV.IND.TOTL.ZS,43.7979544318334,"Industry (value added, % of GDP)"
China,2004,NV.IND.TOTL.ZS,44.2070203084207,"Industry (value added, % of GDP)"
China,2005,NV.IND.TOTL.ZS,44.4999387476576,"Industry (value added, % of GDP)"
China,2006,NV.IND.TOTL.ZS,44.7881570506997,"Industry (value added, % of GDP)"
China,2007,NV.IND.TOTL.ZS,45.1094372978106,"Industry (value added, % of GDP)"
China,2008,NV.IND.TOTL.ZS,45.1854822365488,"Industry (value added, % of GDP)"
China,2009,NV.IND.TOTL.ZS,45.5532294132649,"Industry (value added, % of GDP)"
China,2010,NV.IND.TOTL.ZS,46.3960634365081,"Industry (value added, % of GDP)"
China,2011,NV.IND.TOTL.ZS,46.884604093866,"Industry (value added, % of GDP)"
China,2012,NV.IND.TOTL.ZS,47.1053849141558,"Industry (value added, % of GDP)"
China,2013,NV.IND.TOTL.ZS,47.2056371029788,"Industry (value added, % of GDP)"
China,2014,NV.IND.TOTL.ZS,47.2479411522677,"Industry (value added, % of GDP)"
China,2015,NV.IND.TOTL.ZS,46.9390469978837,"Industry (value added, % of GDP)"
India,1990,NV.IND.TOTL.ZS,29.5019269271607,"Industry (value added, % of GDP)"
India,1991,NV.IND.TOTL.ZS,29.2933165864469,"Industry (value added, % of GDP)"
India,1992,NV.IND.TOTL.ZS,28.6636733807752,"Industry (value added, % of GDP)"
India,1993,NV.IND.TOTL.ZS,28.8679801914765,"Industry (value added, % of GDP)"
India,1994,NV.IND.TOTL.ZS,29.5453906181744,"Industry (value added, % of GDP)"
India,1995,NV.IND.TOTL.ZS,30.5657967890449,"Industry (value added, % of GDP)"
India,1996,NV.IND.TOTL.ZS,30.2373164624931,"Industry (value added, % of GDP)"
India,1997,NV.IND.TOTL.ZS,30.2265444888237,"Industry (value added, % of GDP)"
India,1998,NV.IND.TOTL.ZS,29.6469578729655,"Industry (value added, % of GDP)"
India,1999,NV.IND.TOTL.ZS,28.8621015150279,"Industry (value added, % of GDP)"
India,2000,NV.IND.TOTL.ZS,29.4711182207751,"Industry (value added, % of GDP)"
India,2001,NV.IND.TOTL.ZS,28.848143703121,"Industry (value added, % of GDP)"
India,2002,NV.IND.TOTL.ZS,29.7950600106383,"Industry (value added, % of GDP)"
India,2003,NV.IND.TOTL.ZS,29.6453979595152,"Industry (value added, % of GDP)"
India,2004,NV.IND.TOTL.ZS,30.164891114502,"Industry (value added, % of GDP)"
India,2005,NV.IND.TOTL.ZS,30.2841618793151,"Industry (value added, % of GDP)"
India,2006,NV.IND.TOTL.ZS,30.9421504436939,"Industry (value added, % of GDP)"
India,2007,NV.IND.TOTL.ZS,30.4872560576559,"Industry (value added, % of GDP)"
India,2008,NV.IND.TOTL.ZS,30.6487215456941,"Industry (value added, % of GDP)"
India,2009,NV.IND.TOTL.ZS,30.8417523205368,"Industry (value added, % of GDP)"
India,2010,NV.IND.TOTL.ZS,30.0840053769423,"Industry (value added, % of GDP)"
India,2011,NV.IND.TOTL.ZS,30.4157636950934,"Industry (value added, % of GDP)"
India,2012,NV.IND.TOTL.ZS,29.8253294656671,"Industry (value added, % of GDP)"
India,2013,NV.IND.TOTL.ZS,29.1773316380071,"Industry (value added, % of GDP)"
India,2014,NV.IND.TOTL.ZS,29.0972043263602,"Industry (value added, % of GDP)"
India,2015,NV.IND.TOTL.ZS,29.1743554388854,"Industry (value added, % of GDP)"
South Africa,1990,NV.IND.TOTL.ZS,35.8272760594789,"Industry (value added, % of GDP)"
South Africa,1991,NV.IND.TOTL.ZS,34.94132802546,"Industry (value added, % of GDP)"
South Africa,1992,NV.IND.TOTL.ZS,35.066348803147,"Industry (value added, % of GDP)"
South Africa,1993,NV.IND.TOTL.ZS,34.7599917692107,"Industry (value added, % of GDP)"
South Africa,1994,NV.IND.TOTL.ZS,34.3645858767241,"Industry (value added, % of GDP)"
South Africa,1995,NV.IND.TOTL.ZS,33.9320219971447,"Industry (value added, % of GDP)"
South Africa,1996,NV.IND.TOTL.ZS,32.9834509018223,"Industry (value added, % of GDP)"
South Africa,1997,NV.IND.TOTL.ZS,32.9424491066953,"Industry (value added, % of GDP)"
South Africa,1998,NV.IND.TOTL.ZS,32.3943612633614,"Industry (value added, % of GDP)"
South Africa,1999,NV.IND.TOTL.ZS,31.4977894979663,"Industry (value added, % of GDP)"
South Africa,2000,NV.IND.TOTL.ZS,31.3883786707834,"Industry (value added, % of GDP)"
South Africa,2001,NV.IND.TOTL.ZS,31.0040627314342,"Industry (value added, % of GDP)"
South Africa,2002,NV.IND.TOTL.ZS,30.6187945663905,"Industry (value added, % of GDP)"
South Africa,2003,NV.IND.TOTL.ZS,30.1466894097243,"Industry (value added, % of GDP)"
South Africa,2004,NV.IND.TOTL.ZS,30.0264205844984,"Industry (value added, % of GDP)"
South Africa,2005,NV.IND.TOTL.ZS,29.8672332645055,"Industry (value added, % of GDP)"
South Africa,2006,NV.IND.TOTL.ZS,29.4330719389466,"Industry (value added, % of GDP)"
South Africa,2007,NV.IND.TOTL.ZS,29.087729781617,"Industry (value added, % of GDP)"
South Africa,2008,NV.IND.TOTL.ZS,28.2230220859358,"Industry (value added, % of GDP)"
South Africa,2009,NV.IND.TOTL.ZS,26.9454121009739,"Industry (value added, % of GDP)"
South Africa,2010,NV.IND.TOTL.ZS,27.3813613351927,"Industry (value added, % of GDP)"
South Africa,2011,NV.IND.TOTL.ZS,26.8850118629104,"Industry (value added, % of GDP)"
South Africa,2012,NV.IND.TOTL.ZS,26.4171638385207,"Industry (value added, % of GDP)"
South Africa,2013,NV.IND.TOTL.ZS,26.3771014804219,"Industry (value added, % of GDP)"
South Africa,2014,NV.IND.TOTL.ZS,25.9708449051172,"Industry (value added, % of GDP)"
South Africa,2015,NV.IND.TOTL.ZS,25.9352603698884,"Industry (value added, % of GDP)"
